accuracy,accuracy_present_in_verb_class
98.46166666666666,42.50583333333333
