accuracy,accuracy_present_in_verb_class
47.82916666666666,88.96499999999999
