accuracy,accuracy_present_in_verb_class
72.50583333333333,75.87833333333333
