accuracy,accuracy_present_in_verb_class
44.20249999999999,94.17583333333334
