accuracy,accuracy_present_in_verb_class
91.01333333333332,90.08749999999999
