,filename,l_acc,nl_acc
0,90L_10NL_3_4,91.39220779220778,29.150197628458496
