accuracy,accuracy_present_in_verb_class
33.388333333333335,78.21833333333332
