filename,l_acc,nl_acc
10L_90NL_1_4,81.7965367965368,80.9322033898305
