filename,l_acc,nl_acc
10L_90NL_2_3,51.341991341991346,64.26040061633283
