filename,l_acc,nl_acc
10L_90NL_1_3,27.965367965367964,65.74730354391372
