filename,l_acc,nl_acc
10L_90NL_2_2,44.8051948051948,60.526450950179765
