filename,l_acc,nl_acc
10L_90NL_3_4,73.22510822510823,66.89779147406266
