filename,l_acc,nl_acc,total_acc
10L_90NL_1_1,73.00865800865802,72.38058551617874,72.44719926538107
