filename,l_acc,nl_acc,total_acc
10L_90NL_1_2,36.4069264069264,62.40112994350282,59.64416896235078
