filename,l_acc,nl_acc
10L_90NL_2_1,66.16883116883116,77.33692860811504
