filename,l_acc,nl_acc,total_acc
10L_90NL_3_2,41.21212121212121,62.25731895223421,60.025252525252526
