filename,l_acc,nl_acc
10L_90NL_3_3,43.658008658008654,59.86389316897791
