filename,l_acc,nl_acc
10L_90NL_3_1,77.59740259740259,70.2080123266564
