filename,l_acc,nl_acc
10L_90NL_2_4,62.4025974025974,77.59116589625064
