filename,l_acc,nl_acc,total_acc
50L_50NL_1_4,95.30762167125803,71.1799816345271,83.24380165289256
