filename,l_acc,nl_acc,total_acc
50L_50NL_3_4,90.92745638200184,79.52708907254362,85.22727272727273
