filename,l_acc,nl_acc
50L_50NL_1_2,59.738292011019276,61.276400367309456
