filename,l_acc,nl_acc,total_acc
50L_50NL_3_1,85.84022038567493,74.37557392102848,80.1078971533517
