filename,l_acc,nl_acc,total_acc
50L_50NL_1_3,55.6060606060606,64.10468319559229,59.85537190082645
