filename,l_acc,nl_acc
50L_50NL_2_4,89.14600550964187,71.63911845730027
