filename,l_acc,nl_acc
50L_50NL_3_2,89.24242424242425,72.41965105601469
