filename,l_acc,nl_acc
50L_50NL_2_1,92.45179063360881,74.45821854912764
