filename,l_acc,nl_acc
50L_50NL_3_3,61.82277318640955,63.186409550045916
