filename,l_acc,nl_acc
50L_50NL_2_3,62.525252525252526,62.782369146005514
