filename,l_acc,nl_acc,total_acc
50L_50NL_2_2,61.16161616161616,63.66850321395776,62.41505968778696
