filename,l_acc,nl_acc,total_acc
50L_50NL_1_1,82.4334251606979,80.57392102846647,81.50367309458218
