filename,l_acc,nl_acc
90L_10NL_3_2,88.42077922077922,31.541501976284586
