filename,l_acc,nl_acc
90L_10NL_2_3,92.03646635850026,39.58874458874459
