filename,l_acc,nl_acc,total_acc
90L_10NL_3_3,89.9012987012987,23.49802371541502,82.18778696051423
