filename,l_acc,nl_acc,total_acc
90L_10NL_1_4,88.86492039034411,32.96536796536797,82.93617998163452
