filename,l_acc,nl_acc,total_acc
90L_10NL_2_4,88.72624550590652,35.8008658008658,83.1129476584022
