filename,l_acc,nl_acc
90L_10NL_1_1,87.73240883410375,35.34632034632035
