filename,l_acc,nl_acc
90L_10NL_1_3,91.44838212634822,32.01298701298702
