filename,l_acc,nl_acc,total_acc
90L_10NL_3_1,83.88051948051948,15.33596837944664,75.91827364554638
