filename,l_acc,nl_acc
90L_10NL_3_4,92.65714285714286,37.58893280632411
