filename,l_acc,nl_acc,total_acc
90L_10NL_2_1,91.57421674370826,24.047619047619047,84.41230486685032
