filename,l_acc,nl_acc,total_acc
90L_10NL_3_4,92.65714285714286,37.58893280632411,86.2603305785124
