filename,l_acc,nl_acc
90L_10NL_1_4,88.86492039034411,32.96536796536797
