filename,l_acc,nl_acc,total_acc
90L_10NL_1_2,86.17103235747304,31.666666666666664,80.39026629935721
