filename,l_acc,nl_acc,total_acc
90L_10NL_2_2,92.3035439137134,32.705627705627705,85.98255280073462
